{"cameraMode":{"drawMode":0,"name":"Shaded","section":"Shading Mode"},"sceneLighting":true,"audioPlay":false,"sceneViewState":{"showFog":true,"showMaterialUpdate":false,"showSkybox":true,"showFlares":true,"showImageEffects":true,"showParticleSystems":true,"showVisualEffectGraphs":true,"m_FxEnabled":true},"in2DMode":false,"pivot":{"x":669.6275634765625,"y":450.9369201660156,"z":39.83953857421875},"rotation":{"x":0.021302897483110429,"y":0.023990079760551454,"z":-0.0004934356547892094,"w":0.9995071887969971},"size":422.4124450683594,"orthographic":true}